{"cameraMode":{"drawMode":0,"name":"Shaded","section":"Shading Mode"},"sceneLighting":true,"audioPlay":false,"sceneViewState":{"m_AlwaysRefresh":false,"showFog":true,"showSkybox":true,"showFlares":true,"showImageEffects":true,"showParticleSystems":true,"showVisualEffectGraphs":true,"m_FxEnabled":true},"in2DMode":false,"pivot":{"x":1.2309706211090088,"y":-5.274721145629883,"z":4.918952941894531},"rotation":{"x":-0.009224961511790753,"y":0.8767972588539124,"z":-0.4804891049861908,"w":-0.016836171969771386},"size":15.844144821166993,"orthographic":false}